{
  "pass1_metrics": {
    "per_label": {
      "shoulder-width": {
        "TP": 196,
        "FP": 85,
        "FN": 61,
        "precision": 0.697508896797153,
        "recall": 0.7626459143968871,
        "f1": 0.7286245353159851
      },
      "narrow": {
        "TP": 20,
        "FP": 17,
        "FN": 43,
        "precision": 0.5405405405405406,
        "recall": 0.31746031746031744,
        "f1": 0.4
      },
      "wide": {
        "TP": 12,
        "FP": 29,
        "FN": 11,
        "precision": 0.2926829268292683,
        "recall": 0.5217391304347826,
        "f1": 0.375
      },
      "plie": {
        "TP": 23,
        "FP": 28,
        "FN": 29,
        "precision": 0.45098039215686275,
        "recall": 0.4423076923076923,
        "f1": 0.44660194174757284
      },
      "shallow": {
        "TP": 67,
        "FP": 118,
        "FN": 23,
        "precision": 0.3621621621621622,
        "recall": 0.7444444444444445,
        "f1": 0.48727272727272725
      },
      "90 degrees": {
        "TP": 104,
        "FP": 94,
        "FN": 60,
        "precision": 0.5252525252525253,
        "recall": 0.6341463414634146,
        "f1": 0.5745856353591161
      },
      "over 90 degrees": {
        "TP": 10,
        "FP": 7,
        "FN": 72,
        "precision": 0.5882352941176471,
        "recall": 0.12195121951219512,
        "f1": 0.20202020202020202
      },
      "back not straight": {
        "TP": 58,
        "FP": 301,
        "FN": 0,
        "precision": 0.1615598885793872,
        "recall": 1.0,
        "f1": 0.27817745803357313
      },
      "knees over toes": {
        "TP": 8,
        "FP": 9,
        "FN": 60,
        "precision": 0.47058823529411764,
        "recall": 0.11764705882352941,
        "f1": 0.18823529411764706
      },
      "insufficient": {
        "TP": 8,
        "FP": 2,
        "FN": 49,
        "precision": 0.8,
        "recall": 0.14035087719298245,
        "f1": 0.23880597014925373
      },
      "hold": {
        "TP": 0,
        "FP": 0,
        "FN": 30,
        "precision": 0.0,
        "recall": 0.0,
        "f1": 0.0
      },
      "not visible": {
        "TP": 0,
        "FP": 0,
        "FN": 4,
        "precision": 0.0,
        "recall": 0.0,
        "f1": 0.0
      }
    },
    "micro": {
      "precision": 0.4230769230769231,
      "recall": 0.5337552742616034,
      "f1": 0.47201492537313433,
      "TP": 506,
      "FP": 690,
      "FN": 442
    },
    "macro": {
      "precision": 0.407459238477472,
      "recall": 0.4002244163363538,
      "f1": 0.32661031366800636
    },
    "macro_f1_active": 0.32661031366800636,
    "n_active_labels": 12,
    "subset_accuracy": 0.09685230024213075,
    "hamming_loss": 0.22841000807102485,
    "stance_accuracy": 0.6077481840193705,
    "depth_accuracy": 0.46246973365617433,
    "label_coverage": 0.8333333333333334,
    "geometric_avg_f1": 0.459157863102229,
    "holistic_avg_f1": 0.2350729074334913
  },
  "pass2_metrics": {
    "per_label": {
      "shoulder-width": {
        "TP": 172,
        "FP": 76,
        "FN": 85,
        "precision": 0.6935483870967742,
        "recall": 0.669260700389105,
        "f1": 0.6811881188118811
      },
      "narrow": {
        "TP": 23,
        "FP": 17,
        "FN": 40,
        "precision": 0.575,
        "recall": 0.36507936507936506,
        "f1": 0.4466019417475728
      },
      "wide": {
        "TP": 15,
        "FP": 51,
        "FN": 8,
        "precision": 0.22727272727272727,
        "recall": 0.6521739130434783,
        "f1": 0.33707865168539325
      },
      "plie": {
        "TP": 21,
        "FP": 30,
        "FN": 31,
        "precision": 0.4117647058823529,
        "recall": 0.40384615384615385,
        "f1": 0.4077669902912621
      },
      "shallow": {
        "TP": 76,
        "FP": 199,
        "FN": 14,
        "precision": 0.27636363636363637,
        "recall": 0.8444444444444444,
        "f1": 0.4164383561643835
      },
      "90 degrees": {
        "TP": 7,
        "FP": 12,
        "FN": 157,
        "precision": 0.3684210526315789,
        "recall": 0.042682926829268296,
        "f1": 0.07650273224043717
      },
      "over 90 degrees": {
        "TP": 1,
        "FP": 0,
        "FN": 81,
        "precision": 1.0,
        "recall": 0.012195121951219513,
        "f1": 0.024096385542168676
      },
      "back not straight": {
        "TP": 54,
        "FP": 288,
        "FN": 4,
        "precision": 0.15789473684210525,
        "recall": 0.9310344827586207,
        "f1": 0.27
      },
      "knees over toes": {
        "TP": 7,
        "FP": 8,
        "FN": 61,
        "precision": 0.4666666666666667,
        "recall": 0.10294117647058823,
        "f1": 0.1686746987951807
      },
      "insufficient": {
        "TP": 6,
        "FP": 2,
        "FN": 51,
        "precision": 0.75,
        "recall": 0.10526315789473684,
        "f1": 0.1846153846153846
      },
      "hold": {
        "TP": 8,
        "FP": 31,
        "FN": 22,
        "precision": 0.20512820512820512,
        "recall": 0.26666666666666666,
        "f1": 0.2318840579710145
      },
      "not visible": {
        "TP": 0,
        "FP": 0,
        "FN": 4,
        "precision": 0.0,
        "recall": 0.0,
        "f1": 0.0
      }
    },
    "micro": {
      "precision": 0.3532608695652174,
      "recall": 0.41139240506329117,
      "f1": 0.38011695906432746,
      "TP": 390,
      "FP": 714,
      "FN": 558
    },
    "macro": {
      "precision": 0.4276716764903372,
      "recall": 0.3662990091144706,
      "f1": 0.27040394315538985
    },
    "macro_f1_active": 0.27040394315538985,
    "n_active_labels": 12,
    "subset_accuracy": 0.043583535108958835,
    "hamming_loss": 0.25665859564164634,
    "stance_accuracy": 0.559322033898305,
    "depth_accuracy": 0.23486682808716708,
    "label_coverage": 0.9166666666666666,
    "geometric_avg_f1": 0.3413818823547284,
    "holistic_avg_f1": 0.20776336113685512
  },
  "changes": {
    "improved": 53,
    "degraded": 144,
    "unchanged": 53,
    "changed_total": 250
  },
  "bootstrap_ci": {
    "macro_f1": {
      "mean": 0.26916501865547254,
      "ci_low": 0.24022294874526698,
      "ci_high": 0.29888697581555307,
      "se": 0.015060414096853601
    },
    "macro_f1_active": {
      "mean": 0.2695934251299772,
      "ci_low": 0.24027421794420664,
      "ci_high": 0.30091928848578864,
      "se": 0.01546900512748355
    },
    "micro_f1": {
      "mean": 0.37990382289709645,
      "ci_low": 0.3516270033997086,
      "ci_high": 0.4087378640776698,
      "se": 0.014706376109689969
    },
    "subset_accuracy": {
      "mean": 0.04361985472154964,
      "ci_low": 0.026573849878934647,
      "ci_high": 0.06537530266343826,
      "se": 0.010019993906854627
    },
    "hamming_loss": {
      "mean": 0.25672647296206624,
      "ci_low": 0.2447487893462468,
      "ci_high": 0.2689669087974172,
      "se": 0.006162647905038605
    },
    "stance_accuracy": {
      "mean": 0.5590905569007264,
      "ci_low": 0.513317191283293,
      "ci_high": 0.6053268765133172,
      "se": 0.024316204180836264
    },
    "depth_accuracy": {
      "mean": 0.2345995157384988,
      "ci_low": 0.19612590799031476,
      "ci_high": 0.2736077481840194,
      "se": 0.020168286916581204
    },
    "geometric_avg_f1": {
      "mean": 0.3400023089642824,
      "ci_low": 0.3050005219881052,
      "ci_high": 0.37583237139052106,
      "se": 0.018366936754625546
    },
    "holistic_avg_f1": {
      "mean": 0.20675635465682604,
      "ci_low": 0.14672748206984174,
      "ci_high": 0.26798753940078746,
      "se": 0.03093683301758454
    }
  },
  "domain": "controlled",
  "total_samples": 413,
  "per_label": {
    "shoulder-width": {
      "TP": 172,
      "FP": 76,
      "FN": 85,
      "precision": 0.6935483870967742,
      "recall": 0.669260700389105,
      "f1": 0.6811881188118811
    },
    "narrow": {
      "TP": 23,
      "FP": 17,
      "FN": 40,
      "precision": 0.575,