{
  "per_label": {
    "shoulder-width": {
      "TP": 196,
      "FP": 85,
      "FN": 61,
      "precision": 0.697508896797153,
      "recall": 0.7626459143968871,
      "f1": 0.7286245353159851
    },
    "narrow": {
      "TP": 20,
      "FP": 17,
      "FN": 43,
      "precision": 0.5405405405405406,
      "recall": 0.31746031746031744,
      "f1": 0.4
    },
    "wide": {
      "TP": 12,
      "FP": 29,
      "FN": 11,
      "precision": 0.2926829268292683,
      "recall": 0.5217391304347826,
      "f1": 0.375
    },
    "plie": {
      "TP": 23,
      "FP": 28,
      "FN": 29,
      "precision": 0.45098039215686275,
      "recall": 0.4423076923076923,
      "f1": 0.44660194174757284
    },
    "shallow": {
      "TP": 67,
      "FP": 118,
      "FN": 23,
      "precision": 0.3621621621621622,
      "recall": 0.7444444444444445,
      "f1": 0.48727272727272725
    },
    "90 degrees": {
      "TP": 104,
      "FP": 94,
      "FN": 60,
      "precision": 0.5252525252525253,
      "recall": 0.6341463414634146,
      "f1": 0.5745856353591161
    },
    "over 90 degrees": {
      "TP": 10,
      "FP": 7,
      "FN": 72,
      "precision": 0.5882352941176471,
      "recall": 0.12195121951219512,
      "f1": 0.20202020202020202
    },
    "back not straight": {
      "TP": 58,
      "FP": 301,
      "FN": 0,
      "precision": 0.1615598885793872,
      "recall": 1.0,
      "f1": 0.27817745803357313
    },
    "knees over toes": {
      "TP": 8,
      "FP": 9,
      "FN": 60,
      "precision": 0.47058823529411764,
      "recall": 0.11764705882352941,
      "f1": 0.18823529411764706
    },
    "insufficient": {
      "TP": 8,
      "FP": 2,
      "FN": 49,
      "precision": 0.8,
      "recall": 0.14035087719298245,
      "f1": 0.23880597014925373
    },
    "hold": {
      "TP": 0,
      "FP": 0,
      "FN": 30,
      "precision": 0.0,
      "recall": 0.0,
      "f1": 0.0
    },
    "not visible": {
      "TP": 0,
      "FP": 0,
      "FN": 4,
      "precision": 0.0,
      "recall": 0.0,
      "f1": 0.0
    }
  },
  "micro": {
    "precision": 0.4230769230769231,
    "recall": 0.5337552742616034,
    "f1": 0.47201492537313433,
    "TP": 506,
    "FP": 690,
    "FN": 442
  },
  "macro": {
    "precision": 0.407459238477472,
    "recall": 0.4002244163363538,
    "f1": 0.32661031366800636
  },
  "macro_f1_active": 0.32661031366800636,
  "n_active_labels": 12,
  "subset_accuracy": 0.09685230024213075,
  "hamming_loss": 0.22841000807102485,
  "stance_accuracy": 0.6077481840193705,
  "depth_accuracy": 0.46246973365617433,
  "label_coverage": 0.8333333333333334,
  "geometric_avg_f1": 0.459157863102229,
  "holistic_avg_f1": 0.2350729074334913,
  "domain": "controlled",
  "total_samples": 413,
  "parse_failures": 3,
  "json_parse_rate": 0.9927360774818402,
  "bootstrap_ci": {
    "macro_f1": {
      "mean": 0.32548074252182524,
      "ci_low": 0.2930415635769896,
      "ci_high": 0.3580385078667786,
      "se": 0.01672105845287179
    },
    "macro_f1_active": {
      "mean": 0.3260006825743627,
      "ci_low": 0.2930415635769896,
      "ci_high": 0.3610440133418205,
      "se": 0.017291052507678668
    },
    "micro_f1": {
      "mean": 0.47169216117616813,
      "ci_low": 0.44121745711069155,
      "ci_high": 0.5023213707326553,
      "se": 0.015442834935130633
    },
    "subset_accuracy": {
      "mean": 0.09698789346246973,
      "ci_low": 0.07021791767554479,
      "ci_high": 0.12590799031476999,
      "se": 0.014585612348790392
    },
    "hamming_loss": {
      "mean": 0.22853954802259877,
      "ci_low": 0.21509281678773198,
      "ci_high": 0.24152542372881328,
      "se": 0.006690949827356946
    },
    "stance_accuracy": {
      "mean": 0.6074188861985472,
      "ci_low": 0.5617433414043583,
      "ci_high": 0.6537530266343826,
      "se": 0.023984722725850716
    },
    "depth_accuracy": {
      "mean": 0.4619283292978208,
      "ci_low": 0.41404358353510895,
      "ci_high": 0.5084745762711864,
      "se": 0.023757259601156024
    },
    "geometric_avg_f1": {
      "mean": 0.4576223303932601,
      "ci_low": 0.4145892602463436,
      "ci_high": 0.5010225514500662,
      "se": 0.02225902744084973
    },
    "holistic_avg_f1": {
      "mean": 0.23413753250302743,
      "ci_low": 0.17164121496659895,
      "ci_high": 0.2971507870267989,
      "se": 0.031857205156727006
    }
  }
}