{
  "E1_zero_shot": {
    "macro_f1_controlled": 0.13018814934286174,
    "macro_f1_wild": 0.037500000000000006,
    "macro_f1_gap_raw": 0.09268814934286174,
    "macro_f1_active_controlled": 0.13018814934286174,
    "macro_f1_active_wild": 0.15000000000000002,
    "macro_f1_active_gap": -0.01981185065713828,
    "n_active_labels_controlled": 12,
    "n_active_labels_wild": 3,
    "geometric_gap": 0.35789473684210527,
    "holistic_gap": -0.09288154897494308,
    "overall_gap": 0.057377212964073034,
    "n_labels_evaluated": 3,
    "n_labels_total": 12,
    "gap_ci_95": [
      -0.06476213220351708,
      0.029743472862702285
    ],
    "gap_se": 0.024232800481703436
  },
  "E2_sft": {
    "macro_f1_controlled": 0.32661031366800636,
    "macro_f1_wild": 0.04461279461279461,
    "macro_f1_gap_raw": 0.28199751905521175,
    "macro_f1_active_controlled": 0.32661031366800636,
    "macro_f1_active_wild": 0.17845117845117844,
    "macro_f1_active_gap": 0.14815913521682791,
    "n_active_labels_controlled": 12,
    "n_active_labels_wild": 3,
    "geometric_gap": 0.39636363636363636,
    "holistic_gap": 0.03626949186919119,
    "overall_gap": 0.15630087336733958,
    "n_labels_evaluated": 3,
    "n_labels_total": 12,
    "gap_ci_95": [
      0.06493130691138518,
      0.22113079384907394
    ],
    "gap_se": 0.039392978846422115
  },
  "E3_pose_only": {
    "macro_f1_controlled": 0.24613180864089093,
    "macro_f1_wild": 0.041666666666666664,
    "macro_f1_gap_raw": 0.20446514197422427,
    "macro_f1_active_controlled": 0.24613180864089093,
    "macro_f1_active_wild": 0.16666666666666666,
    "macro_f1_active_gap": 0.07946514197422427,
    "n_active_labels_controlled": 12,
    "n_active_labels_wild": 3,
    "geometric_gap": 0.42514970059880236,
    "holistic_gap": -0.20161290322580644,
    "overall_gap": 0.007307964715729827,
    "n_labels_evaluated": 3,
    "n_labels_total": 12,
    "gap_ci_95": [
      0.03104668605652546,
      0.1319035441320138
    ],
    "gap_se": 0.025900455461769174
  },
  "E4_always_tool": {
    "macro_f1_controlled": 0.27040394315538985,
    "macro_f1_wild": 0.06877173373075011,
    "macro_f1_gap_raw": 0.20163220942463972,
    "macro_f1_active_controlled": 0.27040394315538985,
    "macro_f1_active_wild": 0.27508693492300046,
    "macro_f1_active_gap": -0.004682991767610611,
    "n_active_labels_controlled": 12,
    "n_active_labels_wild": 3,
    "geometric_gap": 0.02299573321356385,
    "holistic_gap": 0.011398601398601424,
    "overall_gap": 0.0152643120035889,
    "n_labels_evaluated": 3,
    "n_labels_total": 12,
    "gap_ci_95": [
      -0.06578917048745116,
      0.0638575539888754
    ],
    "gap_se": 0.032819001040372636
  },
  "E5_agentic_untrained": {
    "macro_f1_controlled": 0.07543510962601187,
    "macro_f1_wild": 0.0325925925925926,
    "macro_f1_gap_raw": 0.04284251703341927,
    "macro_f1_active_controlled": 0.07543510962601187,
    "macro_f1_active_wild": 0.1303703703703704,
    "macro_f1_active_gap": -0.05493526074435852,
    "n_active_labels_controlled": 12,
    "n_active_labels_wild": 3,
    "geometric_gap": 0.1569668246445498,
    "holistic_gap": -0.12026143790849673,
    "overall_gap": -0.02785201705748122,
    "n_labels_evaluated": 3,
    "n_labels_total": 12,
    "gap_ci_95": [
      -0.13136818480227677,
      0.019337712332169223
    ],
    "gap_se": 0.03867601125793984
  },
  "E5b_agentic_trained": {
    "macro_f1_controlled": 0.24642134160948156,
    "macro_f1_wild": 0.07213718820861677,
    "macro_f1_gap_raw": 0.17428415340086478,
    "macro_f1_active_controlled": 0.24642134160948156,
    "macro_f1_active_wild": 0.28854875283446707,
    "macro_f1_active_gap": -0.042127411224985506,
    "n_active_labels_controlled": 12,
    "n_active_labels_wild": 3,
    "geometric_gap": -0.054107796964939836,
    "holistic_gap": 0.05605022831050227,
    "overall_gap": 0.01933088655202157,
    "n_labels_evaluated": 3,
    "n_labels_total": 12,
    "gap_ci_95": [
      -0.11407272531829869,
      0.03794817523114283
    ],
    "gap_se": 0.03835154901202805
  },
  "E5c_agentic_sft": {
    "macro_f1_controlled": 0.04183221150434265,
    "macro_f1_wild": 0.015579710144927534,
    "macro_f1_gap_raw": 0.02625250135941512,
    "macro_f1_active_controlled": 0.04183221150434265,
    "macro_f1_active_wild": 0.062318840579710134,
    "macro_f1_active_gap": -0.020486629075367482,
    "n_active_labels_controlled": 12,
    "n_active_labels_wild": 3,
    "geometric_gap": 0.047540983606557397,
    "holistic_gap": -0.013175230566534909,
    "overall_gap": 0.007063507491162527,
    "n_labels_evaluated": 3,
    "n_labels_total": 12,
    "gap_ci_95": [
      -0.102223149170146,
      0.05063725870738539
    ],
    "gap_se": 0.040410251383836776
  }
}