{
  "per_label": {
    "shoulder-width": {
      "TP": 92,
      "FP": 42,
      "FN": 165,
      "precision": 0.6865671641791045,
      "recall": 0.35797665369649806,
      "f1": 0.47058823529411764
    },
    "narrow": {
      "TP": 19,
      "FP": 10,
      "FN": 44,
      "precision": 0.6551724137931034,
      "recall": 0.30158730158730157,
      "f1": 0.4130434782608695
    },
    "wide": {
      "TP": 17,
      "FP": 166,
      "FN": 6,
      "precision": 0.09289617486338798,
      "recall": 0.7391304347826086,
      "f1": 0.1650485436893204
    },
    "plie": {
      "TP": 10,
      "FP": 22,
      "FN": 42,
      "precision": 0.3125,
      "recall": 0.19230769230769232,
      "f1": 0.2380952380952381
    },
    "shallow": {
      "TP": 77,
      "FP": 223,
      "FN": 13,
      "precision": 0.25666666666666665,
      "recall": 0.8555555555555555,
      "f1": 0.3948717948717948
    },
    "90 degrees": {
      "TP": 28,
      "FP": 20,
      "FN": 136,
      "precision": 0.5833333333333334,
      "recall": 0.17073170731707318,
      "f1": 0.2641509433962264
    },
    "over 90 degrees": {
      "TP": 2,
      "FP": 0,
      "FN": 80,
      "precision": 1.0,
      "recall": 0.024390243902439025,
      "f1": 0.047619047619047616
    },
    "back not straight": {
      "TP": 8,
      "FP": 14,
      "FN": 50,
      "precision": 0.36363636363636365,
      "recall": 0.13793103448275862,
      "f1": 0.2
    },
    "knees over toes": {
      "TP": 49,
      "FP": 160,
      "FN": 19,
      "precision": 0.23444976076555024,
      "recall": 0.7205882352941176,
      "f1": 0.35379061371841153
    },
    "insufficient": {
      "TP": 12,
      "FP": 4,
      "FN": 45,
      "precision": 0.75,
      "recall": 0.21052631578947367,
      "f1": 0.3287671232876712
    },
    "hold": {
      "TP": 3,
      "FP": 41,
      "FN": 27,
      "precision": 0.06818181818181818,
      "recall": 0.1,
      "f1": 0.08108108108108107
    },
    "not visible": {
      "TP": 0,
      "FP": 1,
      "FN": 4,
      "precision": 0.0,
      "recall": 0.0,
      "f1": 0.0
    }
  },
  "micro": {
    "precision": 0.3107843137254902,
    "recall": 0.33438818565400846,
    "f1": 0.32215447154471544,
    "TP": 317,
    "FP": 703,
    "FN": 631
  },
  "macro": {
    "precision": 0.41695030795161064,
    "recall": 0.31756043122629324,
    "f1": 0.24642134160948156
  },
  "macro_f1_active": 0.24642134160948156,
  "n_active_labels": 12,
  "subset_accuracy": 0.026634382566585957,
  "hamming_loss": 0.2691686844229218,
  "stance_accuracy": 0.3341404358353511,
  "depth_accuracy": 0.3196125907990315,
  "label_coverage": 0.9166666666666666,
  "geometric_avg_f1": 0.2847738973180878,
  "holistic_avg_f1": 0.2941859123353609,
  "tool_invocation_rate": 1.0,
  "domain": "controlled",
  "total_samples": 413,
  "confidence_distribution": {
    "stance": {
      "HIGH": 406,
      "LOW": 7
    },
    "depth": {
      "HIGH": 179,
      "LOW": 234
    },
    "form_issues": {
      "HIGH": 33,
      "LOW": 380
    },
    "variant": {
      "HIGH": 0,
      "LOW": 413
    },
    "visible": {
      "HIGH": 413,
      "LOW": 0
    }
  },
  "calibration": {
    "stance": {
      "type": "geometric",
      "tool_invocation_rate": 1.0,
      "accuracy_when_not_invoked": 0,
      "missed_opportunity_rate": 0,
      "counts": {
        "tool_invoked_correct": 138,
        "tool_invoked_wrong": 275,
        "no_tool_correct": 0,
        "no_tool_wrong": 0
      }
    },
    "depth": {
      "type": "geometric",
      "tool_invocation_rate": 1.0,
      "accuracy_when_not_invoked": 0,
      "missed_opportunity_rate": 0,
      "counts": {
        "tool_invoked_correct": 132,
        "tool_invoked_wrong": 281,
        "no_tool_correct": 0,
        "no_tool_wrong": 0
      }
    },
    "form": {
      "type": "holistic",
      "tool_invocation_rate": 1.0,
      "accuracy_when_not_invoked": 0,
      "missed_opportunity_rate": 0,
      "counts": {
        "tool_invoked_correct": 175,
        "tool_invoked_wrong": 238,
        "no_tool_correct": 0,
        "no_tool_wrong": 0
      }
    }
  },
  "bootstrap_ci": {
    "macro_f1": {
      "mean": 0.24520338878890952,
      "ci_low": 0.2192380434969279,
      "ci_high": 0.2709677795939489,
      "se": 0.013299204149234472
    },
    "macro_f1_active": {
      "mean": 0.2455952549652789,
      "ci_low": 0.2192380434969279,
      "ci_high": 0.2731478555863749,
      "se": 0.013714350249324265
    },
    "micro_f1": {
      "mean": 0.3222208123079129,
      "ci_low": 0.29592067012054885,
      "ci_high": 0.3486882310359279,
      "se": 0.013552012525405045
    },
    "subset_accuracy": {
      "mean": 0.026756416464891037,
      "ci_low": 0.012106537530266344,
      "ci_high": 0.043583535108958835,
      "se": 0.007783612946533203
    },
    "hamming_loss": {
      "mean": 0.2690493543179986,
      "ci_low": 0.25827280064568214,
      "ci_high": 0.2798627925746571,
      "se": 0.005454574199700358
    },
    "stance_accuracy": {
      "mean": 0.33410992736077477,
      "ci_low": 0.29055690072639223,
      "ci_high": 0.3801452784503632,
      "se": 0.023216341997062018
    },
    "depth_accuracy": {
      "mean": 0.31969104116222763,
      "ci_low": 0.27602905569007263,
      "ci_high": 0.36561743341404357,
      "se": 0.02266976876052851
    },
    "geometric_avg_f1": {
      "mean": 0.2838824350113023,
      "ci_low": 0.2502203527956456,
      "ci_high": 0.31770275876209564,
      "se": 0.017175338158328172
    },
    "holistic_avg_f1": {
      "mean": 0.2916474626245413,
      "ci_low": 0.2262602809511536,
      "ci_high": 0.3576104309953935,
      "se": 0.033628168427166816
    }
  }
}