{
  "per_label": {
    "shoulder-width": {
      "TP": 58,
      "FP": 57,
      "FN": 199,
      "precision": 0.5043478260869565,
      "recall": 0.22568093385214008,
      "f1": 0.3118279569892473
    },
    "narrow": {
      "TP": 17,
      "FP": 3,
      "FN": 46,
      "precision": 0.85,
      "recall": 0.2698412698412698,
      "f1": 0.40963855421686746
    },
    "wide": {
      "TP": 1,
      "FP": 140,
      "FN": 22,
      "precision": 0.0070921985815602835,
      "recall": 0.043478260869565216,
      "f1": 0.012195121951219513
    },
    "plie": {
      "TP": 35,
      "FP": 102,
      "FN": 17,
      "precision": 0.25547445255474455,
      "recall": 0.6730769230769231,
      "f1": 0.3703703703703704
    },
    "shallow": {
      "TP": 71,
      "FP": 173,
      "FN": 19,
      "precision": 0.29098360655737704,
      "recall": 0.7888888888888889,
      "f1": 0.42514970059880236
    },
    "90 degrees": {
      "TP": 32,
      "FP": 26,
      "FN": 132,
      "precision": 0.5517241379310345,
      "recall": 0.1951219512195122,
      "f1": 0.28828828828828834
    },
    "over 90 degrees": {
      "TP": 51,
      "FP": 60,
      "FN": 31,
      "precision": 0.4594594594594595,
      "recall": 0.6219512195121951,
      "f1": 0.5284974093264249
    },
    "back not straight": {
      "TP": 3,
      "FP": 1,
      "FN": 55,
      "precision": 0.75,
      "recall": 0.05172413793103448,
      "f1": 0.0967741935483871
    },
    "knees over toes": {
      "TP": 5,
      "FP": 9,
      "FN": 63,
      "precision": 0.35714285714285715,
      "recall": 0.07352941176470588,
      "f1": 0.12195121951219512
    },
    "insufficient": {
      "TP": 0,
      "FP": 0,
      "FN": 57,
      "precision": 0.0,
      "recall": 0.0,
      "f1": 0.0
    },
    "hold": {
      "TP": 14,
      "FP": 28,
      "FN": 16,
      "precision": 0.3333333333333333,
      "recall": 0.4666666666666667,
      "f1": 0.3888888888888889
    },
    "not visible": {
      "TP": 0,
      "FP": 0,
      "FN": 4,
      "precision": 0.0,
      "recall": 0.0,
      "f1": 0.0
    }
  },
  "micro": {
    "precision": 0.3239277652370203,
    "recall": 0.3027426160337553,
    "f1": 0.3129770992366412,
    "TP": 287,
    "FP": 599,
    "FN": 661
  },
  "macro": {
    "precision": 0.3632964893039435,
    "recall": 0.28416330530190853,
    "f1": 0.24613180864089093
  },
  "macro_f1_active": 0.24613180864089093,
  "n_active_labels": 12,
  "subset_accuracy": 0.05569007263922518,
  "hamming_loss": 0.2542372881355937,
  "stance_accuracy": 0.2687651331719128,
  "depth_accuracy": 0.3728813559322034,
  "label_coverage": 0.8333333333333334,
  "geometric_avg_f1": 0.33513820024874574,
  "holistic_avg_f1": 0.07290847102019407,
  "domain": "controlled",
  "total_samples": 413,
  "bootstrap_ci": {
    "macro_f1": {
      "mean": 0.24497891410782355,
      "ci_low": 0.2202638004200351,
      "ci_high": 0.2705866046881694,
      "se": 0.012904804358952462
    },
    "macro_f1_active": {
      "mean": 0.24536654374331082,
      "ci_low": 0.22050866740098635,
      "ci_high": 0.272360335252574,
      "se": 0.013252490667087478
    },
    "micro_f1": {
      "mean": 0.3130762718373779,
      "ci_low": 0.28414328054685667,
      "ci_high": 0.34245393391185147,
      "se": 0.014861643121469021
    },
    "subset_accuracy": {
      "mean": 0.05574915254237287,
      "ci_low": 0.03389830508474576,
      "ci_high": 0.07990314769975787,
      "se": 0.01138895250359017
    },
    "hamming_loss": {
      "mean": 0.25416456820016137,
      "ci_low": 0.24334140435835355,
      "ci_high": 0.2651331719128329,
      "se": 0.005527141236197335
    },
    "stance_accuracy": {
      "mean": 0.26871138014527846,
      "ci_low": 0.22518159806295399,
      "ci_high": 0.31234866828087166,
      "se": 0.02248002539937683
    },
    "depth_accuracy": {
      "mean": 0.3732949152542373,
      "ci_low": 0.3268765133171913,
      "ci_high": 0.4189467312348659,
      "se": 0.023739932582904643
    },
    "geometric_avg_f1": {
      "mean": 0.3341690731566545,
      "ci_low": 0.30016079608308005,
      "ci_high": 0.36756901188677027,
      "se": 0.01709172379990999
    },
    "holistic_avg_f1": {
      "mean": 0.07151482322613842,
      "ci_low": 0.028670020508288298,
      "ci_high": 0.11998841698841697,
      "se": 0.02331662272950048
    }
  }
}