{
  "per_label": {
    "shoulder-width": {
      "TP": 55,
      "FP": 30,
      "FN": 202,
      "precision": 0.6470588235294118,
      "recall": 0.2140077821011673,
      "f1": 0.3216374269005848
    },
    "narrow": {
      "TP": 10,
      "FP": 25,
      "FN": 53,
      "precision": 0.2857142857142857,
      "recall": 0.15873015873015872,
      "f1": 0.2040816326530612
    },
    "wide": {
      "TP": 22,
      "FP": 271,
      "FN": 1,
      "precision": 0.07508532423208192,
      "recall": 0.9565217391304348,
      "f1": 0.13924050632911394
    },
    "plie": {
      "TP": 0,
      "FP": 0,
      "FN": 52,
      "precision": 0.0,
      "recall": 0.0,
      "f1": 0.0
    },
    "shallow": {
      "TP": 85,
      "FP": 300,
      "FN": 5,
      "precision": 0.22077922077922077,
      "recall": 0.9444444444444444,
      "f1": 0.35789473684210527
    },
    "90 degrees": {
      "TP": 10,
      "FP": 17,
      "FN": 154,
      "precision": 0.37037037037037035,
      "recall": 0.06097560975609756,
      "f1": 0.10471204188481674
    },
    "over 90 degrees": {
      "TP": 0,
      "FP": 1,
      "FN": 82,
      "precision": 0.0,
      "recall": 0.0,
      "f1": 0.0
    },
    "back not straight": {
      "TP": 58,
      "FP": 323,
      "FN": 0,
      "precision": 0.15223097112860892,
      "recall": 1.0,
      "f1": 0.2642369020501139
    },
    "knees over toes": {
      "TP": 0,
      "FP": 5,
      "FN": 68,
      "precision": 0.0,
      "recall": 0.0,
      "f1": 0.0
    },
    "insufficient": {
      "TP": 0,
      "FP": 0,
      "FN": 57,
      "precision": 0.0,
      "recall": 0.0,
      "f1": 0.0
    },
    "hold": {
      "TP": 30,
      "FP": 292,
      "FN": 0,
      "precision": 0.09316770186335403,
      "recall": 1.0,
      "f1": 0.17045454545454544
    },
    "not visible": {
      "TP": 0,
      "FP": 0,
      "FN": 4,
      "precision": 0.0,
      "recall": 0.0,
      "f1": 0.0
    }
  },
  "micro": {
    "precision": 0.1760104302477184,
    "recall": 0.2848101265822785,
    "f1": 0.21756647864625306,
    "TP": 270,
    "FP": 1264,
    "FN": 678
  },
  "macro": {
    "precision": 0.15370055813477781,
    "recall": 0.3612233111801919,
    "f1": 0.13018814934286174
  },
  "macro_f1_active": 0.13018814934286174,
  "n_active_labels": 12,
  "subset_accuracy": 0.009685230024213076,
  "hamming_loss": 0.3918482647296214,
  "stance_accuracy": 0.2106537530266344,
  "depth_accuracy": 0.23002421307506055,
  "label_coverage": 0.5833333333333334,
  "geometric_avg_f1": 0.16108090637281167,
  "holistic_avg_f1": 0.08807896735003796,
  "domain": "controlled",
  "total_samples": 413,
  "parse_failures": 0,
  "json_parse_rate": 1.0,
  "bootstrap_ci": {
    "macro_f1": {
      "mean": 0.1298159194550441,
      "ci_low": 0.11510677637679262,
      "ci_high": 0.14480677985406393,
      "se": 0.007612085648717458
    },
    "macro_f1_active": {
      "mean": 0.13002161697540113,
      "ci_low": 0.11522487092150448,
      "ci_high": 0.1454310865766331,
      "se": 0.0077908907678156634
    },
    "micro_f1": {
      "mean": 0.2174172340996076,
      "ci_low": 0.19406395153563358,
      "ci_high": 0.2396502098682935,
      "se": 0.011802343756409154
    },
    "subset_accuracy": {
      "mean": 0.009653753026634381,
      "ci_low": 0.002421307506053269,
      "ci_high": 0.01937046004842615,
      "se": 0.004815195375304504
    },
    "hamming_loss": {
      "mean": 0.39187982243744957,
      "ci_low": 0.37994350282485895,
      "ci_high": 0.40375302663438234,
      "se": 0.006165646199949948
    },
    "stance_accuracy": {
      "mean": 0.2107326876513317,
      "ci_low": 0.17191283292978207,
      "ci_high": 0.25181598062953997,
      "se": 0.019996590127273225
    },
    "depth_accuracy": {
      "mean": 0.2298237288135593,
      "ci_low": 0.19128329297820823,
      "ci_high": 0.2687651331719128,
      "se": 0.01994004347230166
    },
    "geometric_avg_f1": {
      "mean": 0.1606539074346469,
      "ci_low": 0.13803953069995545,
      "ci_high": 0.18416467697315175,
      "se": 0.011660523342862387
    },
    "holistic_avg_f1": {
      "mean": 0.08784735130561919,
      "ci_low": 0.06934439476083622,
      "ci_high": 0.1057976765585461,
      "se": 0.009266369180376384
    }
  }
}