{
  "per_label": {
    "shoulder-width": {
      "TP": 0,
      "FP": 0,
      "FN": 257,
      "precision": 0.0,
      "recall": 0.0,
      "f1": 0.0
    },
    "narrow": {
      "TP": 15,
      "FP": 5,
      "FN": 48,
      "precision": 0.75,
      "recall": 0.23809523809523808,
      "f1": 0.36144578313253006
    },
    "wide": {
      "TP": 15,
      "FP": 89,
      "FN": 8,
      "precision": 0.14423076923076922,
      "recall": 0.6521739130434783,
      "f1": 0.23622047244094488
    },
    "plie": {
      "TP": 0,
      "FP": 0,
      "FN": 52,
      "precision": 0.0,
      "recall": 0.0,
      "f1": 0.0
    },
    "shallow": {
      "TP": 25,
      "FP": 96,
      "FN": 65,
      "precision": 0.2066115702479339,
      "recall": 0.2777777777777778,
      "f1": 0.2369668246445498
    },
    "90 degrees": {
      "TP": 0,
      "FP": 0,
      "FN": 164,
      "precision": 0.0,
      "recall": 0.0,
      "f1": 0.0
    },
    "over 90 degrees": {
      "TP": 0,
      "FP": 0,
      "FN": 82,
      "precision": 0.0,
      "recall": 0.0,
      "f1": 0.0
    },
    "back not straight": {
      "TP": 3,
      "FP": 24,
      "FN": 55,
      "precision": 0.1111111111111111,
      "recall": 0.05172413793103448,
      "f1": 0.07058823529411765
    },
    "knees over toes": {
      "TP": 0,
      "FP": 4,
      "FN": 68,
      "precision": 0.0,
      "recall": 0.0,
      "f1": 0.0
    },
    "insufficient": {
      "TP": 0,
      "FP": 0,
      "FN": 57,
      "precision": 0.0,
      "recall": 0.0,
      "f1": 0.0
    },
    "hold": {
      "TP": 0,
      "FP": 23,
      "FN": 30,
      "precision": 0.0,
      "recall": 0.0,
      "f1": 0.0
    },
    "not visible": {
      "TP": 0,
      "FP": 0,
      "FN": 4,
      "precision": 0.0,
      "recall": 0.0,
      "f1": 0.0
    }
  },
  "micro": {
    "precision": 0.1939799331103679,
    "recall": 0.06118143459915612,
    "f1": 0.09302325581395349,
    "TP": 58,
    "FP": 241,
    "FN": 890
  },
  "macro": {
    "precision": 0.10099612088248451,
    "recall": 0.10164758890396074,
    "f1": 0.07543510962601187
  },
  "macro_f1_active": 0.07543510962601187,
  "n_active_labels": 12,
  "subset_accuracy": 0.021791767554479417,
  "hamming_loss": 0.22820823244552121,
  "stance_accuracy": 0.11138014527845036,
  "depth_accuracy": 0.1791767554479419,
  "label_coverage": 0.3333333333333333,
  "geometric_avg_f1": 0.11923329717400354,
  "holistic_avg_f1": 0.023529411764705882,
  "tool_invocation_rate": 0.7046004842615012,
  "domain": "controlled",
  "total_samples": 413,
  "confidence_distribution": {
    "stance": {
      "HIGH": 313,
      "LOW": 100
    },
    "depth": {
      "HIGH": 165,
      "LOW": 248
    },
    "form_issues": {
      "HIGH": 78,
      "LOW": 335
    },
    "variant": {
      "HIGH": 21,
      "LOW": 392
    },
    "visible": {
      "HIGH": 327,
      "LOW": 86
    }
  },
  "calibration": {
    "stance": {
      "type": "geometric",
      "tool_invocation_rate": 0.7046004842615012,
      "accuracy_when_not_invoked": 0.09016393442622951,
      "missed_opportunity_rate": 0.9098360655737705,
      "counts": {
        "tool_invoked_correct": 35,
        "tool_invoked_wrong": 256,
        "no_tool_correct": 11,
        "no_tool_wrong": 111
      }
    },
    "depth": {
      "type": "geometric",
      "tool_invocation_rate": 0.7046004842615012,
      "accuracy_when_not_invoked": 0.19672131147540983,
      "missed_opportunity_rate": 0.8032786885245902,
      "counts": {
        "tool_invoked_correct": 50,
        "tool_invoked_wrong": 241,
        "no_tool_correct": 24,
        "no_tool_wrong": 98
      }
    },
    "form": {
      "type": "holistic",
      "tool_invocation_rate": 0.7046004842615012,
      "accuracy_when_not_invoked": 0.6639344262295082,
      "missed_opportunity_rate": 0.3360655737704918,
      "counts": {
        "tool_invoked_correct": 145,
        "tool_invoked_wrong": 146,
        "no_tool_correct": 81,
        "no_tool_wrong": 41
      }
    }
  },
  "bootstrap_ci": {
    "macro_f1": {
      "mean": 0.07493543221142,
      "ci_low": 0.05712544304978653,
      "ci_high": 0.09288310214658556,
      "se": 0.009188977904323084
    },
    "macro_f1_active": {
      "mean": 0.07505429054350847,
      "ci_low": 0.05712954441657606,
      "ci_high": 0.09331098925148038,
      "se": 0.00924995491029849
    },
    "micro_f1": {
      "mean": 0.09306957557235379,
      "ci_low": 0.06867568087845453,
      "ci_high": 0.12019318643379365,
      "se": 0.013161060949677254
    },
    "subset_accuracy": {
      "mean": 0.021928329297820823,
      "ci_low": 0.009685230024213076,
      "ci_high": 0.03631961259079903,
      "se": 0.007237570861668624
    },
    "hamming_loss": {
      "mean": 0.22814681194511732,
      "ci_low": 0.21912832929782106,
      "ci_high": 0.23748991121872506,
      "se": 0.004728560621180107
    },
    "stance_accuracy": {
      "mean": 0.11154673123486684,
      "ci_low": 0.08232445520581114,
      "ci_high": 0.14285714285714285,
      "se": 0.015925443372566045
    },
    "depth_accuracy": {
      "mean": 0.1792363196125908,
      "ci_low": 0.14285714285714285,
      "ci_high": 0.2179176755447942,
      "se": 0.01899033728197868
    },
    "geometric_avg_f1": {
      "mean": 0.11853967535374141,
      "ci_low": 0.09046790934892562,
      "ci_high": 0.14684489546450233,
      "se": 0.014339343348038434
    },
    "holistic_avg_f1": {
      "mean": 0.023149153020283433,
      "ci_low": 0.0,
      "ci_high": 0.050724637681159424,
      "se": 0.012969459385720108
    }
  }
}