{
  "per_label": {
    "shoulder-width": {
      "TP": 0,
      "FP": 70,
      "FN": 0,
      "precision": 0.0,
      "recall": 0.0,
      "f1": 0.0
    },
    "narrow": {
      "TP": 0,
      "FP": 0,
      "FN": 0,
      "precision": 0.0,
      "recall": 0.0,
      "f1": 0.0
    },
    "wide": {
      "TP": 0,
      "FP": 0,
      "FN": 0,
      "precision": 0.0,
      "recall": 0.0,
      "f1": 0.0
    },
    "plie": {
      "TP": 0,
      "FP": 0,
      "FN": 0,
      "precision": 0.0,
      "recall": 0.0,
      "f1": 0.0
    },
    "shallow": {
      "TP": 1,
      "FP": 2,
      "FN": 18,
      "precision": 0.3333333333333333,
      "recall": 0.05263157894736842,
      "f1": 0.09090909090909091
    },
    "90 degrees": {
      "TP": 0,
      "FP": 20,
      "FN": 0,
      "precision": 0.0,
      "recall": 0.0,
      "f1": 0.0
    },
    "over 90 degrees": {
      "TP": 0,
      "FP": 47,
      "FN": 0,
      "precision": 0.0,
      "recall": 0.0,
      "f1": 0.0
    },
    "back not straight": {
      "TP": 20,
      "FP": 49,
      "FN": 1,
      "precision": 0.2898550724637681,
      "recall": 0.9523809523809523,
      "f1": 0.4444444444444445
    },
    "knees over toes": {
      "TP": 0,
      "FP": 1,
      "FN": 0,
      "precision": 0.0,
      "recall": 0.0,
      "f1": 0.0
    },
    "insufficient": {
      "TP": 0,
      "FP": 0,
      "FN": 17,
      "precision": 0.0,
      "recall": 0.0,
      "f1": 0.0
    },
    "hold": {
      "TP": 0,
      "FP": 0,
      "FN": 0,
      "precision": 0.0,
      "recall": 0.0,
      "f1": 0.0
    },
    "not visible": {
      "TP": 0,
      "FP": 0,
      "FN": 0,
      "precision": 0.0,
      "recall": 0.0,
      "f1": 0.0
    }
  },
  "micro": {
    "precision": 0.1,
    "recall": 0.3684210526315789,
    "f1": 0.15730337078651682,
    "TP": 21,
    "FP": 189,
    "FN": 36
  },
  "macro": {
    "precision": 0.051932367149758456,
    "recall": 0.08375104427736006,
    "f1": 0.04461279461279461
  },
  "macro_f1_active": 0.17845117845117844,
  "n_active_labels": 3,
  "subset_accuracy": 0.0,
  "hamming_loss": 0.2678571428571428,
  "stance_accuracy": 0.0,
  "depth_accuracy": 0.014285714285714285,
  "label_coverage": 0.16666666666666666,
  "geometric_avg_f1": 0.012987012987012988,
  "holistic_avg_f1": 0.14814814814814817,
  "domain": "wild",
  "total_samples": 70,
  "parse_failures": 0,
  "json_parse_rate": 1.0,
  "bootstrap_ci": {
    "macro_f1": {
      "mean": 0.04395991352594124,
      "ci_low": 0.02777777777777778,
      "ci_high": 0.06224778779273161,
      "se": 0.00876909537378596
    },
    "macro_f1_active": {
      "mean": 0.17583965410376495,
      "ci_low": 0.11111111111111112,
      "ci_high": 0.24899115117092643,
      "se": 0.03507638149514384
    },
    "micro_f1": {
      "mean": 0.15647532126931324,
      "ci_low": 0.10407958144017623,
      "ci_high": 0.21132075471698114,
      "se": 0.02783102296986049
    },
    "subset_accuracy": {
      "mean": 0.0,
      "ci_low": 0.0,
      "ci_high": 0.0,
      "se": 0.0
    },
    "hamming_loss": {
      "mean": 0.26813761904761907,
      "ci_low": 0.2523809523809523,
      "ci_high": 0.2845238095238095,
      "se": 0.008377036138582677
    },
    "stance_accuracy": {
      "mean": 0.0,
      "ci_low": 0.0,
      "ci_high": 0.0,
      "se": 0.0
    },
    "depth_accuracy": {
      "mean": 0.014208571428571428,
      "ci_low": 0.0,
      "ci_high": 0.04285714285714286,
      "se": 0.013989579503826323
    },
    "geometric_avg_f1": {
      "mean": 0.012445118734579241,
      "ci_low": 0.0,
      "ci_high": 0.03896103896103896,
      "se": 0.011773890295351535
    },
    "holistic_avg_f1": {
      "mean": 0.14680104372308006,
      "ci_low": 0.10441767068273093,
      "ci_high": 0.19047619047619047,
      "se": 0.022209661093511926
    }
  }
}